face_id,user_id
f6f45c058c314cbea993d8c199ae82e2,o7AtQ1fq6DuMHxYLYFTMdw8FX19w
178471e68877468595f9048bf751e60c,o7AtQ1X7Asr5sXr3vD7xHDLDbBmY
7ea9c0230f9945aeb0006170fa420c22,o7AtQ1ctfw4R_bX0M302T6uRn8ls
103d9a567bd94ba1a5dd8d4f2e63876d,ogMgD5bHcsNoLf8TddrjU__Thw00
d05c797267f543c3874f3a6c79674a94,o7AtQ1cESuqHAFfnijd6O1RTwc7o
a1b7a0d051eb40cba14abcaa42f9cd89,o7AtQ1XFnMvvQBEaYr9AIpVFx5dM
6d06092f8c6e400cbd64bc00f8a797b3,o7AtQ1ZXkkgRZxBrP-UuV3sTLTRA
3ed3229d18884db2bc6f24edf1797d3e,ogMgD5ZfK9TGYvetAp377XN3PENU
a88d5c6323724343812fdd9e8e3d5ba7,o7AtQ1Y4GrWrEO5RlkJubO4heQPo
030bd50bbc944f4d99eed2a541f74b70,o7AtQ1eQIuaDLYh1nWOiq7C0ndCw
3322b5fc15b5451495c1248d9a7ca082,o7AtQ1bIg2kveVIUq-hYenp2uhcA
5344dfc6e2a145b3aeb9fdee0ed950bf,o7AtQ1Ud5P7FCfUkU7x33fL5nmT4
f5870150a21d4963872c22b0e91bfb13,2088122114138269
8928e14586444fb38548286ab24cac27,o7AtQ1RPm4bOtbzl0kB52y_Exk1s
b32129cb3e804377a528edcb2f31c3f8,o7AtQ1RfRStBs-vNgbyqYj8X6onM
8fc98f5896274f08aadb80d666b0ff98,o7AtQ1cI28mngt0NL58dug8xWKGY
7c5bafd8ac8c47e0b33b6a5800e5e03c,o7AtQ1TmwAYcLF0lRjTrB-N0EiYs
4ee89efea9bc47c2875f58a07cbcbf89,o7AtQ1YtJ50Y5kKxyRe7AxoCJl0w
a1e8471243bb451d90fb8b82bd2f7621,o7AtQ1SwPfcNijbYUQHAt5g-syI8
9a323a38e6da4550b3410b86c3878e29,o7AtQ1ahyUEl5o7In4maDVHJNZPA
6daacd5f452f4d33a8261f90a4fc0926,2088122499032226
90ebb335a89e4d5c9ebd6c857cc7c144,o7AtQ1QiWXYxR19NGV00NRpBJbek
01b900b5e94e4a329177752c4c54b2bf,o7AtQ1aiy47lfL_o4i8epmXH2eb8
a29bf942957f4c9a8ceb8730b99a7b04,o7AtQ1RAERXEiuyTgGGOSF6QB6jo
7eb57d909c524affb625dbaebdf8ec97,2088222622366162
db3367d367244ce19b0e5401943b445a,o7AtQ1ZrP6nd5NCkLK4ZeyYmZ6nw
bb2c2448b5f14a189103032801cb03fd,o7AtQ1cPn3uR6ZMPHitwLhkc2nVQ
30c50d4340fb42bd88ec3a3ecc8db5f6,o7AtQ1SZixcZQg3PfV0WLYfEa4UM
886b24c28f6c405f9654d0bb5a829b6a,o7AtQ1dOYE4LLdDEEpIzRIBKvL5I
ada29010221745008fdca7907122fb51,o7AtQ1XFnMvvQBEaYr9AIpVFx5dM
8cf37eba12d3444499d3b771d6a83d82,ogMgD5TghptoEfsUo1E1iGwgE3Nk
058e1258276344eaa45f151aae84c520,2088802742068085
c7d10e86863241f3b8f12012ffd095aa,o7AtQ1dTwLDgimz2pQJ7_FLPFhPc
76d3939a535442ee861f57fcaa12c1a9,o7AtQ1Yyv94q-yPDICCOt5FDHfmU
cf31d54e98d945a9be0b2bbd98dbb878,o7AtQ1U-_rQryZbiDIbKlgLdFjZw
969f795454db4d5fa64b7a4c3fffc68e,ogMgD5ZPx80mT3brjzUEF5EHv2Mo
5125ec29842b4567a84813b518806a6e,o7AtQ1X6S0CNOGMmdziwgLJv-rAU
a9d86e9ad5224676a9b9141c16e72bc2,o7AtQ1c3PGsJGiXxrZZXjANJNqF8
78d3d75f5c28467d8f09831520bc8519,o7AtQ1SJ5S918w1Gvg_9w38oDmfA
a9d45c4946cf4249b7f8c1fbe8cbd959,o7AtQ1b_S9fuBQ7cm85KwWS2wD8c
c410f4992ff04288a0efe89352f72b17,o7AtQ1TfoyunMVu0Vim1JScUMVqg
ce0bf4d96d6e493d89ae2882c28a646d,o7AtQ1QvKj0q3Mjjjdp2JafRqaPA
5629e40e8f3f47058bae8d9560568a21,o7AtQ1UB6t3SnCzqntk8jX01_8zc
f8f40fc37aa042e9a4616c64e76eb616,o7AtQ1f9WjayN2j7DtdDKPfj6OeA
c1b21d251d484bff967aacd9f6f45a87,ogMgD5YNqogo0ulC1s9btHol4MSs
d85b03a68444451ab79401ad08c14566,o7AtQ1WFvpPa8kQ1QoLxoPt5CL2g
4eaada6e7801453fab0af947b8cffedc,o7AtQ1Uwz1PJJ8hIFi9SyCjkWdrw
12c2a30a466945989d0f9879f06f55b1,o7AtQ1XScPWXz3TD5BW3WQxlhtek
af4ea5fa43ee4077ad21678d7019d3ce,o7AtQ1csCS3CGQ3hMBA3N5x22ZnA
35b61c0728994e98848de65a5aa877d3,ogMgD5VptpRVSlZvig-rzSB0WnkA
e0bcb57dc09340209875168872bdd397,o7AtQ1TZdFP-ZrCYHTftybDxlx-w
447b5f4690374472a6d7ccc1cf9badd2,2088702023369956
634521b48c454a9086b727b7c0e09119,o7AtQ1ajOjD8qLj5lLSCsa4Jh1fw
4268ab87e0714b2c8404312d4cd1b241,o7AtQ1THQAZao7C0kBH0RopjEUW8
de74a2b1cd2443ac880ed3267309e249,o7AtQ1faWdJOCUJb4uXPD_USRiSk
20890104ae1b475db25b19115cf05a0a,ogMgD5dMLAalnPLd-rhdLqJ1UTUc
7318f90a6a6543a798e561a214eb99a2,o7AtQ1aKnOvOeK9n7mCpFMBY7lJo
e371e23e4826445cb15b4b09385d806b,o7AtQ1ULzbnmwVuUcA0LcL_bemXc
41a322b0e7ac4daa89c697888ee43a95,2088512421762264
72f8a68db251437d9e731c4f4a5db16b,o7AtQ1bU0VY4ZJEyU5GckPVBg5hc
09c08dfdd09640e98daa0ed37a852837,o7AtQ1UCZ7AKqKvHbN8o-zbZgeoA
4c02093b22c04beb91558c7baad9c2bf,2088102171589398
31fe623b2cc44f8e86cfd0f631bff806,2088802710784812
52d0ce717ee74702913d6880bfdbd222,o7AtQ1TQklZ0wkGvp5JcNz6GgZN0
729e169080e54a958f9a50ec3be61c4e,o7AtQ1eYZQhEmaLpdjbcMSeWNVP4
3c8170593c75488d8d392aadcb40e7ef,o7AtQ1SJB2BFknT3ocUCPl4nUqxA
0b95fa1e4548489ba819542187d7229c,o7AtQ1b8gD8YphnuYKKzFG0Nd4F4
08535834b7a24801bf52df40bc3158aa,o7AtQ1RWJuSlG7PHQ0mCwrP1M1Ls
9d1486a0079a44ac85fa7443f2a3d30b,o7AtQ1SL70lvBgosiOxz-9OvYRdk
6bc9c7fdd688461b81aab3184603a792,o7AtQ1dLIqKsZif_HXwwzYJKNJZc
7e869b3c04c44cd8ba22580cb75e6c6d,o7AtQ1Qr5Zd2IkLSTVeL8GY5CuTk
5b527fa4f0294c47bbe93c59a807dc56,o7AtQ1b7HfNr3QszGr40QRgNd9Jw
79b09afd34734453b675637826b1f3b9,o7AtQ1WwmwE2Qde52CyHY0owGONo
eb4f3693cd3749df868f6ce64b36e98e,o7AtQ1QZtr-hCO82mpjFwBHfxovo
276b113075f74ff9b432ee61cf0680ec,o7AtQ1WWOz2lEeyjRcNqKBQUe2FA
2508c571b8474bb797472e7dd7e943fa,o7AtQ1QyJlS94u6wBq2kgXYsZGf4
ae198f06f6bf4b44a8240bff156c7880,ogMgD5ffMSL4HovMG2Rby2Kk66ZI
93276bcda256430fa1ab02c05c55107e,ogMgD5bbJmaTTS4zu3z34L0Vh0Ww
b6d65a57f99d441abc96507b6eac125b,o7AtQ1fnHY71JPsz-2NEw_gi-E5w
a89027d33d024492990e5d81f4415a46,o7AtQ1auR1oSE9_xm_4WihLRWj64
b71baf78421945fea854b5721bb85a71,o7AtQ1bgjyuYJVCKp8YLQJvyOkcc
4e7405608afa4b7ab7b675781b23d58b,ogMgD5XKSn1_n7oYvmCpzpRUJ_R0
c8a7fb3a78e94ae8965beed2f791b74d,ogMgD5bHcsNoLf8TddrjU__Thw00
77c64b7f085e47c79dddb3f9d8207776,ogMgD5dYK8apV19GI_p0gYi0d-6Y
5a14ba4974ef413b95f5e0c99d00ba39,o7AtQ1SkhddzbL0lKxkZjzs79lMU
a2f7bbaa99394020beee30fad6a6888a,o7AtQ1ZrP6nd5NCkLK4ZeyYmZ6nw
88418f928a284638a3c611f0ea273c5e,o7AtQ1Q1Pz8UW6Tx_kR_N8V5wK10
d5e8df940e8348f5b31dd2656ba2861a,o7AtQ1f_N9lhGXu4DZxgSoMPYH10
2b0ea057a1174100a0791d662f415736,2088122203188223
0358324aaabd4fab8559ef97d4126b06,o7AtQ1b8gD8YphnuYKKzFG0Nd4F4
1746cc9fb8f34c23a75d09fda02d1f85,o7AtQ1ZHTxaNcUZ_ze8CxCWO9AiQ
e3dcd633f5954c2bb9ccf93004cfca08,ogMgD5S2eEKzpA15dQcNb_bNAAfI
f8773645d3244d80a951c01effa3fcc0,o7AtQ1XPO58d8k4XUg3avzkG03v0
bffef9f91b9f40a7aa5bec64f36a4fc0,o7AtQ1dfaCgrCJTY_XT2OpEZ-ELU
5f90aabd063c4dbdbbe28b34de5e9fd7,2088122739190581
3c39f8cdc4dd4aafaacd0aaca1c62b69,o7AtQ1f2DYLeqswXkoKn0rC3a6uQ
9c0efec352aa478b8ac5f8c7749aaebe,o7AtQ1coNPL3LsHYm7MAoKFyg5uc
d6893eb39ca8408f883431a6a18c227f,2088002089565025
4f8421502b0a41ab87781a17dcc6cb8a,o7AtQ1ZXkkgRZxBrP-UuV3sTLTRA
08b5ac7b354a4a209c94fa29a18316a8,o7AtQ1SuqJt7HHLRjpX9wzZOXB8E
1eb7986b754048828aa7216cc7c418cf,2088822772899541
ce9fab70e7304f48a8689530d17ca264,o7AtQ1RTvag9uEJVpjDxSN_n45yk
731bbc7e420d4afbb2de2d45ddb3ff64,o7AtQ1ZMKUsLNPDAFHRgX_NZZJt8
2f7dcbd959cd4a7fbf9db83490392992,o7AtQ1cph8X7AoY5BXbe6JM0S9SE
45e1ec6ebfa1410f93d502a1499ee488,o7AtQ1XZu_E5Y4Hud9FPgK5TN_CI
b9c10a38f306486fb5f3bb3dab02020e,o7AtQ1egq01iUox0V43CcfxGHy70
344be8c048bf41f39305fe37ce48f953,2088112860005586
c06b8489eac1433baba808da503bfca1,o7AtQ1RUxug-4oZHD4gXJGNcZkFw
f46856adf91144d382f971b3da4435cb,o7AtQ1cI28mngt0NL58dug8xWKGY
f392bca741f64c408e9ebb54de1a5ebe,2088222916232452
2e52992600b549a79d7639e0e02baba7,o7AtQ1cFYvGukVmEPJZr_kznm2KE
48ea3eb7af2d4d0ba77974771effc231,o7AtQ1X0C2V-DToc3ER-a13y-r-o
a8f815c23c3f4d4a998dff5b842ff048,o7AtQ1fAD5ZMbErtzTH1NDauG_Gk
0f6164b5f3594362bdfa9f40cde37980,o7AtQ1T7kO6OYV-935dU-T4CwpRg
5c0ebc8c166b4a0084537911539f6bc4,o7AtQ1ZNbSEaTlFgq3yjb3uwfq24
fffbabf4228d422fbe48835f7297c820,2088812414263371
eb999247e1714173880378cc6362f11e,o7AtQ1U2kUKvxEnfug9Db0rMt2Jw
c03f8540a0474480b00ec00f9da6450e,o7AtQ1avU02IbbA-e7XlEhD4GleY
ba582021551e4cf1861e9b6a95c8df04,o7AtQ1YQaSdC-exeGf4mRuYLnhhY
ee95eb7b095243829fe5b0f8233cead7,o7AtQ1bUhx0govuN4cw4uHCzFmpU
1d8ff145d0594dd88fb3aeab446f1c7c,o7AtQ1eVRXKVykixoQW5286fZL8o
76d59550437e40f4b9dab2eadf935b31,o7AtQ1VzVTJBJXeC9qafPG5WsiRM
b07e35e76ae34cf0bf9cc6307d4784b1,o7AtQ1TEhpmy4ZznNcZIU3Yxv1X0
3b48f911d6404a7cbe252a6166fab0e3,ogMgD5cOTuF-BtKjnsMt39hd2LBQ
e145b2b5b4c7498dacb8605b89d03274,ogMgD5dUew-pUicIRdpjGwy4SzfE
7b5473abb69e4c0bba761c3d413515a7,ogMgD5YDk6ZQEGrk0anAWt2TK9N8
f25646a3e19d4f7d99a2b8d424e7c996,o7AtQ1cdB15-qPkF16AG7lJl311k
4c8fb19023b14108b3ebefc69abf82c2,o7AtQ1WYIPVnGJ7AnsLDXrPD9rUM
e00695741fb44d3cbc16a7182eb6a4c3,ogMgD5b-6X_sYl_NbTPw2ad-8NDk
227dcc13eca24fe5bddcf97e5330a11c,o7AtQ1T2YGQcvPhcGNlI0Ic2NxTY
052cabdca4d74ab3a0c36941185be3c7,2088022494036235
c620f82f34084599b3b6ced1de14024d,ogMgD5Z9UbdYKvVeaT8Tvfdzwx-0
7592e7783df74e6bb26c9c8dcbdd871b,o7AtQ1RAZeG9nS1ytd4VssRsDY08
0848049a2d364879b3ebdf4a97d5428b,o7AtQ1TYpswOi4boN5fQNkdSBuW4
1a1edabd55e84c5e8a3673b06330bfb9,o7AtQ1aA9AcGqmkSArG__frNvxk0
96251629aed2458b9c447a9d16ea764a,o7AtQ1fJAXe3EtdXCm1-Z_e97W0Q
8f9ef4e651154522873ef6ffcb0a3082,o7AtQ1b4H7_NOPIEC2uq56zai-Kw
b0a3a8a3d7344e3d97d22dd05516a1a2,o7AtQ1RQCpOglL5-2IUA71VuWhSE
5c6d355e3867487bae2701d3d804c866,o7AtQ1STUcgR5E-xFck9XhWOpYyE
12d4093d63d3430fbe9ffb6bf144fa0d,o7AtQ1Vs65I3JKS6qoQavnwRoS-M
c9f3ca08a26d449cb143a347ccc62316,o7AtQ1UVNU8cwYEiIF5X3MGdKjiA
374f9c1fae014c179ac81ac47ba18941,o7AtQ1ZvOIqU1XbkzZ-bNGZw94rQ
de5117e1a54d4b9abe61ca1bbec71861,o7AtQ1ZXkkgRZxBrP-UuV3sTLTRA
a9bf391fdbf643d2b68defbd41400b8c,o7AtQ1RRQ5Q0JqyD5kfpv2zC9LZM
e862ebcee1ee41ff98adbf4463f3a85e,o7AtQ1cxnjSxJ5n5-hRF4vykHMz0
f862b27e6f79431eb1b9e4b62cb552ef,o7AtQ1dy2TY02YYnqLyzZU5D85iw
36f71a1a3a0446ae97c7fc4d9357aceb,o7AtQ1S7BPdJVEkTFD6yDTLNNfDY
0c21883277594f2c90f5c8d1670e2a92,o7AtQ1ebQ83S-hbnUofAk4zVmIX8
fe73fcaf4fff4a8ba9d526264506a4d5,2088822574352392
e2f81331f8fc46aa8792bf5fac12bf03,o7AtQ1c1_iD6ymGnh7JwjuT_r1UY
573eaee3bcf545c68b9af5cfcd3f8717,2088122203188223
de5a44700462414d90d0f5af72acce91,o7AtQ1QuD4gt8n-Tj2lbt6d3sANw
679ea12d75244a8980e8bae7d9275cc2,2088522352671081
3f8434ddcbdc46079fb37eb21cf2c10a,o7AtQ1X31A7eSqWIuLM_8y0XY_-0
47d89d7260254531a0dd1937e398cb91,o7AtQ1Y-cwAWKw_fACUJh8WtRcTU
a25c02fe2a024b099e0e9f92d9f9705a,o7AtQ1avkQ81_eSe8N5xAYCJIIdw
293aa8f907f1445496c746d66160ee77,ogMgD5Uwup0wyjjhspTYgHJ9zgFA
af7d1e4d43da4c139167b75f5366f430,o7AtQ1UC1ZLjxppa1ZsFa2WpzXM8
dcd2b201fd0244a7b3d7e3bc9388b06b,o7AtQ1ToPhdCfGDMAwWrSgOjaNT0
9bbd5d0b4a984c649d678a4da3b28f30,o7AtQ1TgAipcl0OS5qEIj7R7WvBw
c18cf58f13d44415a7af05e5b18832b8,o7AtQ1eR-wIE69LiFTgXQImPgdHU
38a5ea811f6f4763a5559e6c044acbcc,o7AtQ1Xuxy7dLRgHrFduh7UgRbZk
4356c29796004b4ba8d32dc98653bcf9,o7AtQ1RsBUChrhC72_hEtGxS7H3U
9a40d84e7ecb4f219903916459b290c1,2088722740869942
c1d9301647fa42aa950e27d35f58f3fd,o7AtQ1aOwpBDcM5DYIhFhvIlaCk0
af91cfe81b774eaa8df400b00cd753b4,o7AtQ1bQlb70L-sNfvlE0st4Pdjk
2480dda7812e425f9ceb2f0f8e45f5eb,o7AtQ1eH7U6BSoTucdQj6GDdbud8
4a0cd71e0c3f4831855b8b6288bec6b2,o7AtQ1fu1CTcEt2LZe1_a420uqYk
dc786f2e859b4dd38e601ab92bf7f8b0,o7AtQ1Vs65I3JKS6qoQavnwRoS-M
376dbca4ff8344939b1ead91376a2726,ogMgD5R6mbe4iZeWJS_1ZEWM0ghk
8ccdb00ced6a49f6965e734d5501b1a6,o7AtQ1aloY-HvydDZNjOppnbXL-0
ed782505bc8b4147a3a17449ff007909,ogMgD5efwi2KbU30QOMkq0sYV164
dedcd8dd9c76470bb1c297d915ca3844,o7AtQ1YRgRXoKCKn313QgN-OdcYk
14006e030a3348ffa1fe1983fc93faec,o7AtQ1TgAipcl0OS5qEIj7R7WvBw
6b034204a4774f3db12747d0a3b02445,ogMgD5ddC14A6zFUEYW-8BYh-O1Y
237d6f93d8994cb598b6871472995b21,o7AtQ1VPG-8qWL7IJrJ-hbytfF5Y
07f31145813e44e9a3da6fcd8f4cf149,o7AtQ1XFnMvvQBEaYr9AIpVFx5dM
db22ee50be4b4ce885365e5e1239c3b7,ogMgD5XvxzquPJa-afWN97KTwZxs
9c07fc803dd84c07ae2c417fad290faf,o7AtQ1VKxlsQ-2Q7WU84-63Q48g8
2f4bf25041c04195a53778ae0742df4c,o7AtQ1T52Zf3060pVjMNl2zwdWmg
045022dcfbc44c19b860dc4d83f9f5e6,o7AtQ1U_g3r3ADw0EtxvpaKziugk
0f28e199563d4912ac668f17483e71d8,2088302230612623
167987b6c53e4eeda0a3731f0f959bed,ogMgD5ffDmGQ_r3yDyRBIS2C7lV0
c38f1c11f5b641f38e5e196133330367,o7AtQ1eCR1zh6LO5EsUUzTqN4208
0f3b9256032646ac979f6928c76e9b7a,o7AtQ1ShwNT1RwnWr3WGl29nvHL8
9466da0fb4e04316857d1c8106c0e326,o7AtQ1cE0uTLQ3DeYfDjutTRMslQ
2eafef67995346daa3273f1818786e89,o7AtQ1avD9OLQkuLDZjwV2OxiNG4
b03478112f904a28a6a44e21869482e1,2088022244459053
297b37744f0947beb0bb3baec953c232,2088502764640345
e99510ff385c4966ab93c2db2746d57e,o7AtQ1cx-6lNHTOMO_z6CyuUQ78k
e343b0431f5a4976b0b8e7c639de6830,o7AtQ1RT9ADaqfQK3mqUB6qexoO0
d573a3e4670948d6a939a040e4764849,ogMgD5eEwrXwLUWoBc2bdSBZ126E
feec7ceb9b974859a0b2faff13bd36c7,o7AtQ1X6f3R6c7nYPt3vnaKqVy5g
f7b21c869b7142d896f2c8b71bebe5d7,o7AtQ1eZfn6CMjnO8HYvQWOggEyY
f0017bf7a9f54ef6bcaa52d83b38bc33,o7AtQ1RXO7puz7j5hHuZ9TUdV7zU
719b769b44384061a0644c58773dfd36,ogMgD5U19hmZIYBqEoIBR-zbWCHY
9296459688384c71ae83b01db11f6fa9,o7AtQ1TLIsDnYJxUEPTb6KXZbyK0
29d3b42873504357bee4c45b588d4498,2088922488400568
902f981d3b7b40509cf736fee7ee15db,o7AtQ1RXVPxdzlEgdUcvjB0DYHUQ
5c68d1307eff4276b6a0536e11c90136,2088112023401015
4fa51c946eaa41abaf4e6f7e750d5767,o7AtQ1byWR9k5M2ZkHy9dsdFpZgg
cec74c83bbf443feb992dcfea216457c,o7AtQ1VeKQumtk879Fq3MA6qI94A
d705fa811ce3403f95fb5742fdc439d1,2088212453398627
a7e9390a1186471ba86aa5ddf2bf8eaa,o7AtQ1ZXkkgRZxBrP-UuV3sTLTRA
1c4879d66ba24e42ab8ff4d3c3b24d94,o7AtQ1X4e3H7v68LB29ZWnxileBY
70226b0744ad4520be9473274f529890,2088102142702434
36dc6cc45c3843bbb68b2d42c062f169,2088912490730265
2194593ed7594db9abc1c9d41beb7763,ogMgD5ZPzrTNEaLPhGZcfxG5cWS0
b31b0f4e656b485fa895d94a9109e535,o7AtQ1a2rtTvlX9lGasn4ytIK1-c
0aa06368bbf243429c75617482bc0fcc,o7AtQ1fFy656TFBm7KVdE4mknjuM
ac513ee41e7a4209a295e1f66309027e,ogMgD5VTuFr9LUpNRS4XQA4f4T50
6a16f11e413048a7970066741c75610d,2088802241312720
d80e6558082a4ec4946c621a34a2ef55,o7AtQ1Z7wjGS_n4x5qjvW4YThkCY
6e399b30f94a426d87d6e2a102afe47c,o7AtQ1Z7wjGS_n4x5qjvW4YThkCY
ca32a82ec790426596761c798927500a,ogMgD5bmbJsAOb7UvOClnYiE0eSw
dffd681822c042dbaf3bc5470d73c5e5,o7AtQ1RBIr0I3Ftlda9BRetdRbw0
458981c1b7fb4850a5f8e5681063e22f,ogMgD5SpmM4WhefYutx6jNpsq3Pk
2aa2e509910a49ea8c3039f7d7fca405,o7AtQ1cLMj330yjYUMBy6tr66ZHs
de8f363000f14a22bf15870acc01eaf6,o7AtQ1QqKqGTytMYH_KaQUmtMs9c
cd052d46356c401f9124e329683528ed,o7AtQ1RKzig5cUg90In-cN1iBWrs
c05dba837ea74f49b00f509a2d00903d,o7AtQ1W8Imesw8IYeJdTnlmK1oCA
c1cb8901973b4f1398154a73d15b3e4f,ogMgD5Qq5nEkjgPnNxkqQRJQcZy0
a139d26fddb04fff9d16afde948114b2,o7AtQ1Z7wjGS_n4x5qjvW4YThkCY
40e9a0e25c3743d4ad019c25cb8e0fac,o7AtQ1QKpdYKQqLtLv42H-6u_xo8
774c5d76416f4281873f726fda330a32,ogMgD5StFM4_pvuJZ6MUZlzuXK5M
cae225415b4a4aa693f073bd4fe977c0,ogMgD5TZNBQGu9Xbbox7Salo8Cjg
42a934a9fce24fc6a94241b5a5cf5e01,o7AtQ1a4qoTlDFRANKG_Lg5IDfzs
1da4e94aaedd42e68d7e6aface0f0c3e,ogMgD5fqUlYf8nhiPQgYB8jhrnds
c473f1bca7334d7bb3b8b1358d2ba899,o7AtQ1UnujUK6ZlicC2nKwBrUfgE
e0e6309df96545aca5e9dd4c08f3c3c5,o7AtQ1YZyDJga-8DfWjZIQib8KAM
ed5873a066bf4fca974b12a600e7ecf0,o7AtQ1dPDL3GUvpGxEMq6g62cSOw
a479a516ed2f4889b8436a07325a8efb,o7AtQ1cU1jNLrwWvWn9vPcKc8R6g
9eaf1a4782bf4d1ea44d02b3c42c8b29,o7AtQ1WZ-xqAnmeRJpHF8eIi0ZeE
fe9a786601bc4b31b87d60e0ac96831b,ogMgD5c0hCLGXKPH5ix58eMJzMbM
f244949febda43a4b2bdd1317cfde14a,o7AtQ1VWk5nrng3N5RF7M8hro2FQ
2782c3a05ba546df8572b8e554b7caed,2088222413737971
e47306dfe75240209de6d793c1729fc0,2088802639885405
c4cc84f01635429bb1dba672d311e5b5,o7AtQ1Sn3IC79obMe7jCg5QwyYdI
471bdc4628384018af46102089a2c22b,2088002253494827
10bdefc27d664be6906f9df875cd797a,o7AtQ1Txbvn4wfDoNV4NIuRynLic
da6d2b8a3a964ebebbaba862ba3e9e0e,ogMgD5TZNBQGu9Xbbox7Salo8Cjg
a10825b606f0478d94935fb9f4b9dbb6,o7AtQ1XOcK4H6ueKMgvckgLvdky4
b2ba21b66f0a4e72934b41a7a7e22ed5,o7AtQ1Ye71mcrqO_wsisv5WMMQc0
cedf9ae48c5a4729863e3b94f06d33ff,ogMgD5dyuPag5af72UXjjJSrWPXI
9c4d60f6a1f7460ea53d1f42dae3f2df,o7AtQ1Q4GE-ql-jAoeDN0q6TcpHg
dc348b84873448f1bbe6a931b937bafa,o7AtQ1U9c9Oryesv96vet0PekPTE
76737953e762490fa0f5a5ba37692aa8,o7AtQ1fM-BLxgfyzr2RnlOoSaUBQ
1ae3f58be7364d1d8a644515d6fdca0f,2088132650817122
40190fdae2fc48ddac6ccb98afe4730f,ogMgD5SB38bXL_r7ZviscDLOcAhk
6431f119a351495491ac5709fc6af605,ogMgD5fXyItcUpE-7Mwqee5xprFE
8634f34413574c2b9615f9c305286105,o7AtQ1c7qC2SRkxiXYhN9GGs5lsE
1c02e3f74e87439a9dfd332e8002611a,2088302431206212
15cf5c495ae84e239011fabcd589c046,o7AtQ1UiL4E5CdkISqWXPuIcWqnI
db540e29fde746f69ad904a95f7e69dd,2088612168890740
92a9f4ded1d84399b7dd8406843e63ba,ogMgD5diXyFsVYjmhO8CxYUvfSCw
3254713cd56242979d9ec78f4478b490,ogMgD5UWB_r4v8YZacWvX7AwAifc
cbd9ee10fabc43a7a201dd064d91255f,ogMgD5TJ_KIuZvDTUko1Cu5HiAIo
93ea0da3232c4e67b392472e1e45e1c2,o7AtQ1bl7eQv6T2cSaN3b6SAcCKw
aec0dd94288141b7ad30929895e2685c,o7AtQ1RWJuSlG7PHQ0mCwrP1M1Ls
7b9c700cec634406bcd2184b451b44ba,o7AtQ1ZuElH-i668ocYHBdWoI1Zk
f925a4cea9c14d47b7220254c47b1aff,o7AtQ1TULkLse4yWDk5lIgfRZj2Q
c772bb152124477a8c64047e5ffb4a3d,o7AtQ1Uq1ZwgM8oQXdjfe9e2wk_0
db3378fb09b8485a8b014dd6d0c6443a,o7AtQ1W5v62QL96-EeLy1T6jk2Ow
39cbe77121a8425a93a0581cdda9bd74,o7AtQ1T1O8kx7jdDM0JvoNFk6yfw
fb56c02e55314a93b484db8fab880350,o7AtQ1XdV_UjTGvMGrikm23WNnys
f4aec640aefd4418aa1994504f5a05e4,2088912359461455
72d6083d6ef74a6ebd44d18e258ac6e7,o7AtQ1Wyxo1Hz9GWFYFfjPmdCilg
f61b838bb6f54290924b24880cfd2392,o7AtQ1X_fxag-4uVMgio2mmzlgKk
3f19f69816d84835871da8641cc80f7e,o7AtQ1WFvpPa8kQ1QoLxoPt5CL2g
80eaac1113d0447884a4a7ddca37f34f,ogMgD5bla2uOtRCjww_QQNbqagJ4
508c778331e040fcba3caee784aa228e,o7AtQ1aoVe6_XzkW6iEIJSJYnanw
68f7f3b9c44c4d489257fd2e3f494885,ogMgD5TDt5YSLPO2BP9QZGnjGvT8
7e91873a0e8243a0a98b7ee3adfd3769,ogMgD5dbZjKs7lh-RG5rwsAzRtyE
24b341724e9746008483340df4a9beeb,ogMgD5Tf2Grr9QOiolP9jEV_VJZg
5595963def75486d985aa03bfdaf7057,o7AtQ1XQiJXZ3BgmI6Hh9VjrptnI
eb0c872dd43447a1a1cc616d948d60e3,o7AtQ1ZWUzUON1Gmd_dlvjE0sCFQ
e5ef2b99cbd2429e8d6121f295bbe435,ogMgD5bbJs4mgYrlLoBoG0CSC7CE
42bea77892454390901d73f383ab9c99,o7AtQ1eBCrwYkMj0T0nzvuvSJny4
48fc29d81f8e4812a78458cc33c73616,o7AtQ1Uxi7as7LqM6I-9Q34Wuym4
cbcbffb27b114a7ca3c1f245a6956911,o7AtQ1cB-Z9b6nI815Eb4hWqMr2o
119eb4ba22b14619b964a057636f89dc,2088922197871415
ad9fc13ece384121b70831a8e7e83bcb,o7AtQ1ebgeOUPy6f0sRUHKwQOMtM
d0502701f8e446088cdd56f94e219029,o7AtQ1cB-Z9b6nI815Eb4hWqMr2o
ac2da62878634fac9144cba4a0822527,2088002745398295
2aff12a16013452bb65a57a4a5b2ddf1,o7AtQ1cR70X1e0iH75hU2IxDiooo
402de0073c6040528e01e0ad0a63f681,o7AtQ1fwgNWjXJ68eQ3nKUTHqRdA
f5f816d494e2476b8b9617a5454dee4c,o7AtQ1XpnjsNk4LwOI6wZ5Wg_e0o
9ae288030b1342639e053ecb9434568f,o7AtQ1ZHCrbEAzFDORhQ1ku3zsVk
043e959d37d446399b4e440c6bf27f24,2088302830898212
a7a395fee5284ad89b270b86e05061c9,o7AtQ1T_qV1f8VSlUHwkKE8_6AYc
03f492a5178f4e19afda715878376fe9,o7AtQ1TgAipcl0OS5qEIj7R7WvBw
a16e39c8fa664b908ca531dec3d51ae2,ogMgD5QdZj5kJ52qndb3cUVgfIxk
5a22ef67c78245ba9a0a303a6e798cae,o7AtQ1bU2JV2y6BI9AoBbw1xBiTc
57595a98c79e418c87fab5721ae2c97e,2088122203188223
03650e1102264d3ba4c76af54c495e82,o7AtQ1V99hO9OW-i02eyMiSRUSoI
43ff62a630a3438ebec2a8061948770d,o7AtQ1cskkpiaf31D48OKLiLjrWU
6ef3eebd2b594ade923c47aff70af454,o7AtQ1ZXkkgRZxBrP-UuV3sTLTRA
191650df03f94ffe9c486b51ba8a375c,o7AtQ1X2oN4-PP0vlDd4WAtjWasg
65b9314eb668414b8488faac11b403bd,2088122913665904
4a6b3a01885341b9aee0f4ddccc8e7b7,o7AtQ1TWAPB7FKYjitUsUYYTDoAA
386a3cc9eb2e4ad688a9c79f3012d3c7,o7AtQ1W-1dkt0SSU3EQNfL3wvGaA
072ab97ecfd34f39974f740cd697632b,o7AtQ1WBwSnsF7n8iNGvS-attrwE
1d16f3d16d0f4b5ba9edd7f8e43bdb9e,o7AtQ1Zt23lPQqEuglymHbYtTlt8
ef41df9578014e2e92eef1f3dc643828,o7AtQ1eQCy8Gyy0gbSocKkbb77d4
e73ee4176969460193d30948eac4b1c6,2088022494036235
313a335ec84a49eab326ab3ec26e8193,o7AtQ1d815Ur648k0IMn9B6x5hXE
68bb7023b97643459572da69b5918c6b,2088922077278116
b4bc6cd880594cb4929b2c9567e331dd,o7AtQ1fTxPuVCKcjBv7dxCcEFoC4
b229b666437a4e3b86e9f971b01ea7a7,ogMgD5T0qKvamVXn-DuyQJ3OVkVI
741afd708fa343aba089fc2899d9d474,2088032210130693
50c612fbc1e64139a0450088134f55f7,o7AtQ1QlVqrZov5oTE2NxQshd-NY
decc84c28bcb4ad69b5c2e434a92c43d,2088522173189983
4ce15f4bcd3442e1925573498b282021,o7AtQ1Ud5P7FCfUkU7x33fL5nmT4
47ab87d3ebf442d9ab4455d00fa36f67,ogMgD5b5l7EuyrnAvYLmHR4xr7BU
bfe51b617df1424c9f06e331b00e822d,2088702634459114
b0296e395f2b43a6853fe7484990333c,o7AtQ1ZXkkgRZxBrP-UuV3sTLTRA
2fc56c5ec64841d8b5787a193396e4f0,o7AtQ1b8gD8YphnuYKKzFG0Nd4F4
024ddb8b3fae4da0a5198f07272aa24a,o7AtQ1SnIhr1bUxGcA5zRK_BxA3A
78e46c09bbed40fa9e4529e9c76f9a41,o7AtQ1QvKj0q3Mjjjdp2JafRqaPA
1ae99bb366bf493ca3b5d3cf97b37c86,ogMgD5TsE5Ep5P7swSADDYEvlx-U
12b9055edf7045f1894d576d5492c28f,2088122269028183
14e1cf816a8f4334b5f85472c469b03a,o7AtQ1QbU6olhaJm7Y09V77XekzE
9f1a29ce70794901a85b353098229042,ogMgD5c5vgql4GEy47IgTPRmXncY
09dacbedbc494bedab9239556377d55b,o7AtQ1RjjqpVF6v7-QjafmAemMOo
5838738e3eb0457f845dccfcb17f315a,ogMgD5Q0Vcu1KLI3s4-XNGLvEl0c
eb2d0f79bc3c4db389bf6ffa1cb08cec,o7AtQ1TNd1133Mh870e7XrAvU1aM
cc81b5312325443bbfa77084282d6ecf,o7AtQ1fAD5ZMbErtzTH1NDauG_Gk
502fd8a2623a483bb406ee47b35feccc,o7AtQ1UrqsgAXqb-25XKHgJXc8-Q
5e794203e58543e6a84dfbf0334ddf9f,o7AtQ1UduUpUNhQQ_LYiokhVshyg
5d35bb7aa2804fd58d64eddc72d7f481,o7AtQ1TSGf-ZUHBh7sDWhVLvdEfU
4c7aba5f56c646db8b316b49c4da90d7,o7AtQ1aezR3w1P7slWjZI-4nJZfw
061db93bbac04cc48a8f79cc74d9c8f3,o7AtQ1WI_S5eT2FeeIrsSvmoTGNU
9ed4147bb73e45c1a327ebc89fe64673,o7AtQ1TU7mG_rZJE6OV7ycD8hg0Y
d4fb7aa67114421c849d5752209a209d,o7AtQ1czQHWNrNCCwq1oys8lxyeI
a43b1ee0564e4a95955e20cfc0864d42,o7AtQ1cB5jzTloETyTZzYJiKSZes
4770602ddecf4c3091f78f2441ba8aa6,o7AtQ1arsL-3UThb3XXiX_w66fzs
782b2602ed1645c0ab57175734193acf,o7AtQ1bwZknOi75LpqEeT-Umxr4w
a445b944ed53435c9cc5fd2e07492983,o7AtQ1R_QRxpjZA2-35R_pgp-u-A
0ffcbacea70e4b839e3f13d23f435369,2088002745609412
4a9cc3ced1d84490b8fe9eb776c89577,o7AtQ1en5cIxisYiKvAWydMrg7Jk
eab986e505624412ba53973d804d5f99,ogMgD5b-6X_sYl_NbTPw2ad-8NDk
95a90982b683401bab70d21ca2daece1,o7AtQ1bbxM9M-vVt3IbZcUBCggBc
6ff91cfafc374beeb0a6086121ebd70c,o7AtQ1bOHpkw9_6zMua9MFnCFxS4
03d6cd2be9c549ada3fd59e9d18f99a9,o7AtQ1VCTmwRIQV8ev_ciD74y70c
d05c274de23141deb9f94f342e0563cf,o7AtQ1fBjeT45tV_IWSBAz7eVokw
25fa365125f7422ab6cec11cc11dac6e,ogMgD5VHBGIxbMhQmAw7oOzTdtdU
bab4122d26694144b654d83e9ce95e2b,o7AtQ1SULOA1mnOodcGyklcIkdN0
69f17c51d80a4a61b2618b353b194a22,o7AtQ1fyygW658hTCLzFxn0VHgXw
bacd3e1a05524a84831aebf517fce80c,o7AtQ1QXFx9TT2UbRvWVCzmh5tfw
3a95cafb118b47fa92b0086aa072225f,o7AtQ1aseRICUiUODD7hnKuzOaus
63de5b49a354474a854f39970937c86b,ogMgD5XF2yp20J0c2djD9UL5X-EI
b66659e7fa5943769613c1c4ce9414dd,o7AtQ1SULOA1mnOodcGyklcIkdN0
e7c3dd81d6c74fbda04d14188020e2cd,ogMgD5bMohG6NFo2Q9z8QRoDVFag
b3f6f840230b4649b98bf5489978dc94,o7AtQ1VIR-kMJfPuHoWB9tbpUCwc
5729f5daa2e34006aa367f65560cfa7b,o7AtQ1USJ3W8VRJP2lXNZoyf9kBM
9fc2a8875de942f4a753c7297ba64607,o7AtQ1fMKMVZTxAJLQnmBgZAbIS0
e1c829c88509404cb0053cc78d30a1c9,o7AtQ1Qr5Zd2IkLSTVeL8GY5CuTk
6cd665fc50dc4a0b81039f974076d6bb,2088122555069854
766567b0441c422a882cec5682d7b7ac,2088122739190581
6c3392ff7feb4315aaeb1c7f3a63114f,o7AtQ1TuZfY-9JdyYclLJbI1vdVc
186d9265289c404981488a278653766c,o7AtQ1ZUvhxGctPgumxOTzm3ohtg
70f64545528d4aeeb974a70be8af9d13,ogMgD5Y_zr_X6ontU7NAHK1NUbV0
da1b55e9f5a147e6ba68f6ea51cea3a9,o7AtQ1QogYji3SWgcALag9Pqh-Us
b04dda50b6034e139b0f723bb25e4d59,o7AtQ1a4UCiKLgVlAcicC8i7NQN0
c7c0a42de63748fb8720e65ff76eaddf,o7AtQ1cT1GX92xYB9ll53hXFT698
db3eefbe71164a11a8e95d4864791f95,o7AtQ1eiAUuU1Qp0YViZyMVsnv_A
28fe31ed32c24baa855a61a201bd4ad5,o7AtQ1Zi0tX2BAssttTB0Q9qERio
be2f62fcbe4d487f94efe4971b706f43,o7AtQ1YgAzE5_RjxEGtpCSMFNQLA
b3533b3962244181a48597afba9b6c0b,o7AtQ1QhGJlj7A-fe3Io2oikkW2I
b8cb2c62f04b4322b053a91837afba1b,o7AtQ1QHwQdH73QXVviZ8lr7KNNY
6ef61a0ea1e347e08591d1abd8bbb016,2088902916321667
b7f3d227549a4c0ab3c59127ff791459,2088402887707191
d4943a7e0fd846d9b3f08f37a7cf1d1b,o7AtQ1bstYR05zxsrant_iWzyn0A
ce900325be7a47cbb15d773324f7a52a,o7AtQ1eqLET-_fIi_DV_CsIGQ0e8
edafb4f086764a20bbd3fd0028ab04dd,o7AtQ1b6p_Lieb-2mz0MFiJvb5EM
1488618ce2144e8eb8adde81406fb556,o7AtQ1YS-pOfbrfR9eWrogqKMli0
b06181ccd46f4e64af44a483538b4f15,o7AtQ1S94N2ssHW2OFmtF4kd91vQ
5a5a7464f9244632bd6bd3ca88393baa,ogMgD5XpLrKQDLbLVb1c-z-xSPAA
41bec96d108d41729fded4bd391293e9,o7AtQ1XZu_E5Y4Hud9FPgK5TN_CI
2dd53a1b36c44484a100d796a8e10931,o7AtQ1c-qXHfNoNISbYnx5w4iOYU
a62bf840d5764dc9bcbd1bbe5a92071c,o7AtQ1UDA_9Pr9mDirSJ_CxAlq4E
aa9a9d0c75274993b857f42fa7f8e929,o7AtQ1T3jmvudVTc-8AvHfGBnSes
a85154f099ad4ebaacf8391c4a7ff647,ogMgD5YwGd483ctruy2BgeX5gVm8
7bdbb8ddd6a94d3db8caebea98a15f1b,ogMgD5eRpzET77n7Ng4xLyX3TQEU
0c8b3e8c4dec4070a0211d1ac8c824c8,o7AtQ1aRwWv1779zYjj3-MvVUeZc
2047a43c079c4fe1a7e82628c11ed852,ogMgD5bE_MYCTqMPFztZJHrAaV5o
6ca9157e4a7240b3a85559dbe2e90aa9,ogMgD5Tq3roGII13nKKCfpEDFLbc
63ee3ff8d89149e7b040bc42f8061176,o7AtQ1VYxAbgLBoaA2Ic7oHeFuEc
6c84732c30df43238d2740817e36507e,o7AtQ1UhcfCsKHUVtR3CZ58v3LnM
38f52a9cb496425cb586bf6990251d78,o7AtQ1aDWeBC0f3f8f5xkMXKcLZ0
322378bd08cb4143a7b2ed5b5954419b,o7AtQ1Zouuq8XIXlYervjT5HsiGg
b328cd09d91b426c84810d4b3ce6c811,o7AtQ1dyGglKh8s9ci38wMnZ1tXA
eb03760edf3f46d6840f006fdfc06bb8,o7AtQ1cqmXo6b0L1sUmGA074pRZQ
a13b5903d17e417b8a6cde4262fe4181,2088612764100571
e1f4375e6f2948bc8e66d597b6c2426d,2088422799728905
b01fad5c3e49475daa11fecf64fa1c84,o7AtQ1XZgNa3Ye2LXDG3NxwA29Hc
d749f64dad304d2fa3d7ccbbbd0debcf,2088802742068085
1f56f9755f4b4a7483a1192878930f6b,o7AtQ1V7RtcZrcp1tpEjG2LPzbgU
44c486bb85694e31a5052cb050be7302,2088802850077467
363ec87325184de79152f185e174149b,2088202368069202
030d97302e964f0db520daf80f42fbc1,o7AtQ1bMQJ_Sz_Ng4W_5UWARGbpw
12570f273f0c4aa48c45088894fc65b9,o7AtQ1ax0KVp9tqxGPBzH2X75roE
c4791285b0054d07808e705cc59f7282,o7AtQ1Vt3n-HzOmCZd5luj2pB0Yc
5fa39d1acb9d4de4b370ff9896f5cad3,o7AtQ1c97XNAx5K6TKNKO59nEy7E
8cdab200d14c4836b1f15d0d865ce951,o7AtQ1T1S78l67VmCKW3rCeyB0zs
138fdae39dfd457fa660680612efc29a,ogMgD5VXqsoilxQGVTSDDfIyoe44
92078329ff22479cae377e30924029e8,o7AtQ1WA5wu_evV0B-hElwyB7w9c
09f248875d3d49ba9b92e45051157633,ogMgD5U-LTVfS2oxFncWejaXm440
1f6559317af941adbbda2be84f49d0aa,o7AtQ1dT4vOhKff2ha3Dui0ezcGk
a390caf0f2cd4ec49a863821ef79e5dc,o7AtQ1dT4vOhKff2ha3Dui0ezcGk
561eed87bcbc488094dfb2c96e92c082,o7AtQ1ZCuD8Tbdx6dSa_TCJ5jZPc
eb823b72dc28419c89d6338d51086972,o7AtQ1T_qV1f8VSlUHwkKE8_6AYc
0e8b29177676448cb8169a8c5fcaf1be,ogMgD5Rqew6hFVxmlc0NgZUjj-ek
d2a0356eacea4546b026f41385c5daa2,o7AtQ1YEYYBic1ftbL-wTpuhrQpg
4a05c5c28c4a44bab73d5064cb2c89dc,ogMgD5Qb0fhEK5T_44_lQZoAirME
380aee2c233e430888f2821735c7ba73,ogMgD5VBm6voJJKQW8uVU1xfTIUg
a2c6177326664befa8bea066ec223523,o7AtQ1ZElM-zTjvq2LtYk2ik4TAI
546a9a10c6784a5e8b46cf15160a6104,2088302195384980
fc5ad92b846b443f9cc973968bfb8c13,2088022252518760
03683481cdd945338d30b083c1974926,2088012780438821
023cdda15d7a4fb78ec45dc98f0c9322,o7AtQ1avbIIDqDQ0LYTRBNotbsMU
1e36ab33026d4931b829989ffd9b09e7,o7AtQ1cESuqHAFfnijd6O1RTwc7o
c9e25b855a91414ab8fe27d7e8e75f4f,o7AtQ1fyisvFAlODsHrO-4X42r2o
3c972eff6d4b4d14bbee94e3e7b47f46,o7AtQ1fAD5ZMbErtzTH1NDauG_Gk
3b453567696e4a28b711cd8d70bb17d1,2088022494036235
7a675a5797694ceb9d124af82c7f809d,o7AtQ1XqbCVgbg2uPqJDrVo0vFGQ
949e1d0899cb419da9827d164a41c8c7,o7AtQ1XARI9WwF63598pbr1CTJok
3ec8efa185cc45b3b6dbca97338de448,ogMgD5cJWIxn6Le8pqoUxj3xoAXc
35833135ffc5440b8735f37c3d306466,ogMgD5d91Vjz-f7K84RmauDxnGbo
8e5c9257e5a349d3b7edfdf795870bf2,o7AtQ1exiq3MM7qtA3Sr0dAVv9ss
6b3a4204288a489c8a919d9d094da0a7,ogMgD5aOnmNNennKodVr94VWEP3o
5964f6e5104b402eb20a7bf958254ff8,o7AtQ1dfc6YfhtzAHP_8YJORorJ8
d4bc156f3bcb42b49f75f04d104c842b,o7AtQ1aefgIqkNodUohqQbg0Q6DY
e065380ece784c57a74af17652f966d2,2088112310602710
2c1b872c92764a079698fcbe8b8f4f86,o7AtQ1TgAipcl0OS5qEIj7R7WvBw
a5278e510c924028819b185a02156141,o7AtQ1XIiC6yMFhvuReRC3mYA6Vc
eef8804be92c4e7287cf49c82e223c97,o7AtQ1cmsfgO_6GzuyfHIJjz3V3s
082ff0f8105d4ae88d391158c627a067,o7AtQ1XZ2Gr7Jq3QZSOKy4eO4SYU
12ca9dd8fefd4449ac54d63165620f33,o7AtQ1aJeJoDlYb9iATjkM5DughY
04598cfa120a4179870a0da6666b4686,o7AtQ1XAjlzxSZJxmRENQnJkTitk
d4ba06c08da14e85a6742303b1aa0cdc,ogMgD5XV5b-FYN0i58eioidNbIXA
a74e741a94c849b1a7932210a538fe3f,o7AtQ1VocTqMrPP9PAzifVtvVnxc
8a8c25d85f944bb6ab0862febf2e624f,o7AtQ1UJLXVO9Ll87qO9a2dkAlxo
13a80a8a6c7f4b3bb9d280603704c203,o7AtQ1be4-MLyctWF-D0i5DSrNuY
ece8596742724d328408930a3d447d6f,o7AtQ1WTUrgUKR4219-5_MeBkmGE
1bb99d67a4294cddb9a91a20e7d0ba50,ogMgD5VxoyduE4uqkpn3w2Q9VSdg
072c3392ba464f2e8703f39e1dba0e78,ogMgD5VIyGDXQoycXN996ATuJfOE
586ecf9287304bd68984259e3c7b044e,o7AtQ1XjEmBfg0GBA4QW4aCxWr_M
6ee0c5215fc34fb4be30a9094496f1a4,o7AtQ1RRqlS-wrV-7B1o6156uvVY
85b09ee5865f4f1ab320b065ab6668ab,o7AtQ1aPTjVlk-MvP8OyI4fHQ1gw
ed4c244d8ec24019bf77c8878c1d68bb,o7AtQ1XPO58d8k4XUg3avzkG03v0
d064a15e8e824b38a9d30f94322135d3,ogMgD5QqBHH-Ga-H0N3bSgycS3Cw
2840a6f10a5e4b73a92d8ed108886b3c,ogMgD5a4_RSD_KcGnLbHnmokc1yA
1f4e1e481fd04f96bfac751714bab71a,o7AtQ1Uy4YJjKSnUKQtGkJaUkhmM
85a04d917da54485af66785755f13a11,o7AtQ1Z2P6QrVLUTCCwtGTLGbP-w
b9e617e1f42543779d1cfdaadc398445,o7AtQ1TxQaBsjZNmQM7onv5CYVpg
242cc5b8590d46fd90e1cf5262170657,o7AtQ1ZElM-zTjvq2LtYk2ik4TAI
5233af5e4212489aa39f3b9ac1128183,ogMgD5Q1u0a34Mf3ZLfsUFDkBxWc
a4e6e0c17b9942b3a61a9cc8a321e2ad,o7AtQ1VvG-mId31cdonYXUXuqUus
5ea5d2533cf24ad4bcb06213b3b23c24,o7AtQ1ezQH_fJ-hh5rpeNhkh8Y7Q
abcaae3f8c484459aeb38bc54d71af73,2088812987129027
3c9e10d13c41404598ef417bcc2e86e4,ogMgD5e6UwXJYOIhdUV90iSTjkg0
d70ec3fb308f43d6836d5a799ae68ee9,ogMgD5aSpI6GdsVgpTirC3TuLR9A
80f37dda15924d0faf4bbda76e173444,o7AtQ1dPMVzuZBG2xTmI0jkVtVcc
322e6b7e34a54bbdaa0f3ef8c7e63a87,o7AtQ1S4VB7ykXOhPNw1FWf9Ylg4
fd73e1fde76645bb9aa7743c7b612da5,ogMgD5dTqhYIW8JST8UnQ8d0bHb4
30e59355fe0f45adb45c239d928ccf07,2088902715486761
74c0b5008142466f970f35c082390a2c,o7AtQ1W5zrod7tH5pku8srqmNc5A
730553811ff24c69a4f03b903fdf1cd2,o7AtQ1ZFdm1EmYe6iI5WrtzIE4fc
850203a7f2af4aaab4c7aeebaf4fecae,o7AtQ1dAhuT85lcr6Kw_axSOjE4w
72969cd800ee4e7990e22384d1ce2ab7,o7AtQ1bl_NvWWrnYGY6ZS-I2EJT0
a1ecb42c94ab4d959aa61c715834afd6,o7AtQ1a2XFbN4EvFvXvN1V-L-jSw
d1c655d963c84083b7678444885931ee,2088612631560231
e56982768c584ddfa49c9e91c47e24b6,o7AtQ1bDvzkNcUyy66kuXyYu2uh8
c6297ba7b4a4449ea8e6de27190ad1ef,o7AtQ1XOeszcHJCmNbU67kKCCLlI
fa0f073f3f464e6ba00d68e4e9b676cb,o7AtQ1SOwTdhxKSiJyQsCw5JWdwY
0cb3dd16287a42b8bdc8605ae624b719,o7AtQ1QLF4rPe7h5dYBtbcoiSI10
39df085d2c0e4e34b60a5cd46c490a3d,o7AtQ1eRTVDHwdqjjFEezy0Ke9_o
5255ba04fb134088809f647bea187349,o7AtQ1WEYeAZr-W2m0IsXvM0etpY
eda92ac073a94c678240d310929da159,o7AtQ1ZkMkJfbUQi7sMHrtIpwPuw
58071bab6ac64bb0beacbb0b19073576,o7AtQ1c25KBwD_8Ky7CNDpO8e4ik
e3312e34cfe847d3993ca19ae80ca6c7,o7AtQ1Z3nm7VPqiM_YWZ3aySrn7Y
aca3cec067a84199a796c2c28958c7f3,ogMgD5dJ7wks9bXKhcajLf2XG4RM
ea246f718db14f83a65392c02d7d7478,ogMgD5TJ_KIuZvDTUko1Cu5HiAIo
7f26c117981744c6858404d731a770c6,o7AtQ1ULzbnmwVuUcA0LcL_bemXc
5ce6aa657e8f4e84b1d942bcbf63f84c,ogMgD5WqfFpG4d1CARQTaDZQ7Vbs
4f7ade60f1a04993b007c263297a0239,o7AtQ1acQkkpdFBJYvmddqGDM0og
74d71c005886445f8b2fed63521b1a33,o7AtQ1aPXkOF5SPQXBIr0A6NmHLc
3c10e3638ccd49e5b1152a345e7acc4d,o7AtQ1SeSYWUwqM1z9OG-F5xoU6s
ed109516a97e4e01b023c73acaa86e01,o7AtQ1WuMOWNHnbM59om3SWoRfFU
316d4e34a9aa4fe7a22a917365024491,o7AtQ1QhPtcpK4x2dTfOEin89oPQ
c2c3499e393943f1a29fc1b457eac7f8,ogMgD5XWNT_UZT4bBt1juS4GtsHA
d2464d5248f04383bd86f3d30014f5c2,2088102065994701
93d6a8eec76b4df28bc3650db30d2510,o7AtQ1cCYX0rCwVeGU6kXi8_LLHI
733c680264bf46dc8cdf7b33d17860da,o7AtQ1SkhddzbL0lKxkZjzs79lMU
4e362732fa3f43ffaed2feebb107bcbd,o7AtQ1ZZVtTMAvnY1ZBvYgPkqSGY
52a401ea91dd4523ae60f2c8b3190116,2088422491949709
1c7f5b56710a445a80099385e21a92ad,ogMgD5RJdd3WFmw1P4JO8q_je5zg
65d76a5e68ba4e90ae1ae4a4543abe82,2088612631560231
fe62f39ea11e4b028db4c941fa9a8be8,o7AtQ1R1QrBVwIiME5aTcPamgU3k
c6be7070fdec4f7094cb5bd34f47ee00,o7AtQ1cbpt2OEF1cm190N2ZszCtE
62dc0fd2a2c845ddb28d89d7cfe92b6c,ogMgD5aZIaKFeOUAPJ_BfxS4LFNM
a277bf512ad64bdd9cf3eae72f3a43c3,o7AtQ1ezkPOHPNosYU4Ed3wB1AiI
ed85df07e3a54679b569e9cfb4b3843f,o7AtQ1TsjariEbua9bO_EotSMW9s
a5765defab9a48299671db7234a4ee38,o7AtQ1TIDxuaSoX1rDM07o3GTopA
6a47385b52614f15baa9873c5b2fb968,o7AtQ1b_g6mx_MObT1HWsgYAw4RI
a8304751073344f38ecf6a4dd82c18c6,o7AtQ1VzVTJBJXeC9qafPG5WsiRM
a1eefed0174f46b4a586f3e6de161d07,ogMgD5ThMSWnpFTbCUc0P0TB-O_s
c7cc40fa4d05402eb6b5eb37bcf67da7,o7AtQ1WplfagfA7XbJi43STTbies
0396b085b43d40bfb9811801184fcc12,o7AtQ1fyygW658hTCLzFxn0VHgXw
708be9dd89a94218878531ff1f73e1dd,o7AtQ1VuzCABMsZbzEJlien1tKh4
9fa9cec3c5534c4b98d628b05ec09cc8,o7AtQ1QhG3l4zLPNQgPyOF3eKncE
b104dd6f8f45443985d314792d90d1ad,o7AtQ1W_oIwTFzJLdC_HPnyuY5Ok
213a2fc4069e4057bdff777a471e5c91,o7AtQ1cr5aUFYrfmnc0opMhA6w7k
f12e3ba0f4164cfb826dbe5cc1ad50b7,o7AtQ1XYc-GjtPPA_Y6DFrcpNYws
2beda281eff64e46b3a37f9292952299,o7AtQ1XgYmN8w6mTCayiGWz8wDTU
ccb25f1edd0945ccaa868db9cd8d983e,2088622897881494
d252127dc8264994b5b5bad0bb38819d,o7AtQ1X7eDxr6fdVQHlVYSg2Gj-Y
9151ac9ee7814a61af61c2e19bb42244,o7AtQ1aOfVlAZJhMttyVCr-d1WjM
c9b14ee43bbd4d1cbf28153325f9762c,o7AtQ1QuD4gt8n-Tj2lbt6d3sANw
a1fb6948c4194c0c846e32f081ca25ea,o7AtQ1SNmqCG5tU_xs_UaC0w07qU
07ca6cde5c2b43bb894493dd4dd49f25,2088122555069854
25c738c098ad4c84ae56c96367881f92,o7AtQ1Tkg3gjuZipf-Rkpv3vX2vU
861cff440e5f4bf398eb72a81c5b6faf,o7AtQ1TY8D1JWY27mS9brWmHc0ls
5a2d58a415d64e7d87dd461f196b0740,o7AtQ1cAJ0jmhDwjc_Qs5UDgf7-8
6349ba65b933475fa7bdf5d38b1dfcb8,o7AtQ1ZXkkgRZxBrP-UuV3sTLTRA
18e907949731494583b8a69c27998850,o7AtQ1Z6Xf0dMBjtsnKGhQzC8Z3k
493976074d1a4d64936ccec6da5b27e5,o7AtQ1Tgvh9rcnwYUESBstRO2Nt4
8b55d71afb8748239f4ea7f8db53a6da,ogMgD5buieNDs6lo6WUTj9K3VoHc
04a0f06bf6324f27a0e35d0877c076ca,o7AtQ1eg8pfOWpHeKUncsUu0VFc8
7a4e80db606149deaece5b6f152d019f,o7AtQ1ZoZxtWtqNbIwFiBRKFBSfc
4fbbf013316e43d19b27c4cf068c3181,2088612624333756
909155d5082f4c768497721a5d640201,2088212582300825
3261f3db303d4ec4bb12655346d08b77,o7AtQ1dlrbawQEk22ugu5Wd9R2mY
61397f07263846bc835408ee6449c000,ogMgD5cLFDuf1-WObAqu56gJeg1E
aedc9b92f803445da6e84a3a9a20624f,o7AtQ1bII8MbT7nFr4gLzcMMgVPw
9aeefb9f9d204d068b5087b744d9bfb2,o7AtQ1SkM1FcDCtTAHPiw63aDTQ8
7d916fcef10c46a692d44eefd4c7d3f4,ogMgD5cFx7n2s4xtB3NQTeg5Jego
a8aaf7b94b3e48c790c52bdac669b027,o7AtQ1cqmXo6b0L1sUmGA074pRZQ
62f7f0bf639b441f9f313d14458b373a,o7AtQ1brDGRuSAQTj5I_chPm8F60
6a501b1e92c7410794a70c3e38a4b39c,o7AtQ1aLquqKIrrevLmemw0zXbGI
d1e2d2d7f7f5477190b614349cec88e2,o7AtQ1SxTQq9O2_pk0M5r04hiQ5w
